test_mAP,task_trained,task_evaluating,data_cnt
0.27695109315856664,1,1,37041
0.33866323844618046,1,2,37041
0.2709959978446211,1,3,37041
0.2586090414336082,1,4,37041
0.11698566678901434,1,5,37041
0.3180635747916826,2,1,62474
0.36999402308103047,2,2,62474
0.342885475413098,2,3,62474
0.2922458384285002,2,4,62474
0.1938123751620213,2,5,62474
