test_mAP,task_trained,task_evaluating,data_cnt
0.21346848149506983,3,3,13596
0.22861848449173588,3,1,13596
0.21404375853744115,3,4,13596
0.2737508375475635,3,2,13596
0.10986862595284837,3,5,13596
0.30160863586021736,1,3,50637
0.3103752465260296,1,1,50637
0.28229407705160087,1,4,50637
0.3814768758973442,1,2,50637
0.1269486576309659,1,5,50637
