epoch,test_mAP,task_evaluating,data_cnt
1,0.0,1,24
1,0.0,2,24
1,0.0,3,24
1,1.8200349446709374e-05,4,24
1,0.0,5,24
1,0.0,1,44
1,0.0,2,44
1,0.0,3,44
1,0.0,4,44
1,0.0,5,44
2,0.0,1,64
2,0.0,2,64
2,0.0,3,64
2,0.0,4,64
2,0.0,5,64
2,0.0,1,84
2,0.0,2,84
2,0.00031683168316831684,3,84
2,0.0,4,84
2,0.0011001100110011,5,84
2,0.0,1,104
2,0.0,2,104
2,0.0,3,104
2,0.0,4,104
2,0.0,5,104
