test_mAP,task_trained,task_evaluating,data_cnt
0.3675920889713523,3,3,13596
0.3269703396432566,3,1,13596
0.3304446881474976,3,4,13596
0.39608144458918226,3,2,13596
0.20050494784058767,3,5,13596
0.369156906490271,1,3,50637
0.4286395013294914,1,1,50637
0.33312358334511577,1,4,50637
0.4569328397189592,1,2,50637
0.19841346722483885,1,5,50637
